{"NEW DELHI": [28.6138967, 77.2159562], "PUNE": [18.64395815, 73.9325681901252], "CHENNAI": [13.0804354, 80.2821091], "HYDERABAD": [17.3992891, 78.4733709], "KOLKATA": [22.568746, 88.3462999], "BANGLORE": [12.8536622, 77.6660326], "AHMEDABAD": [23.0216238, 72.5797068]}